Column Name,Data Type,Python Type,Variable Category,Non-Null Count,Missing Count,Missing (%),Unique Values,Sample Values
OrderID,object,str,Categorical,1200,0,0.0,1200,"ORD200000, ORD200001, ORD200002"
Date,datetime64[ns],Timestamp,Datetime,1200,0,0.0,671,"2023-01-04 00:0, 2024-08-23 00:0, 2024-02-27 00:0"
CustomerID,object,str,Categorical,1200,0,0.0,1189,"C72649, C75739, C81728"
Product,object,str,Categorical,1200,0,0.0,7,"Monitor, Phone, Tablet"
Quantity,int64,int64,Numerical,1200,0,0.0,5,"5, 2, 1"
UnitPrice,float64,float64,Numerical,1200,0,0.0,1193,"570.62, 151.35, 550.68"
ShippingAddress,object,str,Categorical,1200,0,0.0,655,"928 Main St, 823 Main St, 512 Main St"
PaymentMethod,object,str,Categorical,1200,0,0.0,5,"Debit Card, Online, Credit Card"
OrderStatus,object,str,Categorical,1200,0,0.0,5,"Shipped, Cancelled, Returned"
TrackingNumber,object,str,Categorical,1200,0,0.0,1200,"TRK37947903, TRK91186779, TRK42903982"
ItemsInCart,int64,int64,Numerical,1200,0,0.0,10,"7, 3, 8"
CouponCode,object,str,Categorical,891,309,25.75,3,"SAVE10, FREESHIP, WINTER15"
ReferralSource,object,str,Categorical,1200,0,0.0,5,"Instagram, Referral, Email"
TotalPrice,float64,float64,Numerical,1200,0,0.0,1195,"2853.1, 302.7, 2753.4"
