Data Quality Dimension,Variable(s) Tested,Issue Found,Status
Full Row Duplicates,All columns,None,Passed
Primary Key Duplication,OrderID,None,Passed
Impossible / Non-Positive Quantity,Quantity,None,Passed
Impossible / Non-Positive UnitPrice,UnitPrice,None,Passed
Negative TotalPrice (Invoice Total),TotalPrice,None,Passed
Whitespace & Capitalization Consistency (Product),Product,"Trailing/leading spaces: 0, Case collisions: 0",Passed
Whitespace & Capitalization Consistency (PaymentMethod),PaymentMethod,"Trailing/leading spaces: 0, Case collisions: 0",Passed
Whitespace & Capitalization Consistency (OrderStatus),OrderStatus,"Trailing/leading spaces: 0, Case collisions: 0",Passed
Whitespace & Capitalization Consistency (CouponCode),CouponCode,"Trailing/leading spaces: 0, Case collisions: 0",Passed
Whitespace & Capitalization Consistency (ReferralSource),ReferralSource,"Trailing/leading spaces: 0, Case collisions: 0",Passed
Suspicious Zero Values (Quantity),Quantity,0 zero values (0.00%),Passed
Suspicious Zero Values (UnitPrice),UnitPrice,0 zero values (0.00%),Passed
Suspicious Zero Values (ItemsInCart),ItemsInCart,0 zero values (0.00%),Passed
Suspicious Zero Values (TotalPrice),TotalPrice,0 zero values (0.00%),Passed
