Feature,Data_Type,Missing_Count,Missing_Percentage,Imputation_Strategy
OrderID,object,0,0.0,None (Complete)
Date,datetime64[ns],0,0.0,None (Complete)
CustomerID,object,0,0.0,None (Complete)
Product,object,0,0.0,None (Complete)
Quantity,int64,0,0.0,None (Complete)
UnitPrice,float64,0,0.0,None (Complete)
ShippingAddress,object,0,0.0,None (Complete)
PaymentMethod,object,0,0.0,None (Complete)
OrderStatus,object,0,0.0,None (Complete)
TrackingNumber,object,0,0.0,None (Complete)
ItemsInCart,int64,0,0.0,None (Complete)
CouponCode,object,309,25.75,Domain Indicator ('NO_COUPON' + HasCoupon flag)
ReferralSource,object,0,0.0,None (Complete)
TotalPrice,float64,0,0.0,None (Complete)
